"X";"Y";"lag"
-0.18343;0.0664;1
0.00695;-0.20887;1
0.18687;0.10649;1
0.01353;0.23435;1
0.22887;0.06373;1
0.25789;-0.17958;1
-0.13665;0.30328;1
-0.0139;-0.33679;1
-0.18741;0.30156;1
-0.01248;-0.35821;1
0.35316;0.18934;1
0.43199;0.07658;1
-0.421;-0.1753;1
0.3796;0.28318;1
-0.3844;0.30602;1
0.28981;-0.46581;1
-0.31264;0.47181;1
0.53617;0.23;1
-0.46865;0.37767;1
0.07707;0.60637;1
0.0466;0.70693;1
-0.27202;0.65807;1
-0.25406;0.66627;1
-0.67392;-0.2401;1
0.42699;-0.59262;1
0.10058;-0.73136;1
-0.23215;0.77662;1
0.70188;0.40771;1
-0.6162;0.53085;1
-0.25222;-0.77914;1
0.25454;0.80728;1
-0.26063;-0.82933;1
-0.48325;0.72847;1
-0.37281;0.79975;1
0.30343;0.83269;1
-0.89696;0.10246;1
0.66283;-0.63695;1
-0.89277;-0.23106;1
-0.59424;0.71151;1
-0.93398;0.06768;1
0.64477;-0.67987;1
-0.92764;0.16067;1
0.85398;-0.40171;1
-0.94282;0.06345;1
-0.9474;0.06417;1
-0.93421;0.19199;1
-0.95551;0.0288;1
-0.9474;0.17968;1
-0.05729;-0.0216;2
-0.02428;0.08295;2
0.0572;-0.27556;2
-0.01239;0.31497;2
0.04128;0.36111;2
0.13112;0.38272;2
0.39649;0.09736;2
0.41909;-0.15047;2
-0.43017;0.1972;2
0.51192;-0.0251;2
-0.15677;0.497;2
0.41014;0.37939;2
0.64265;0.06346;2
0.65545;0.14739;2
-0.62219;0.31074;2
0.64347;-0.30058;2
0.66734;0.2606;2
0.72204;0.09007;2
0.72955;-0.04006;2
0.7123;0.24107;2
0.71638;0.25691;2
0.77643;-0.04958;2
0.72759;0.29455;2
-0.1729;-0.77226;2
0.85477;-0.19724;2
0.62505;-0.64603;2
0.85227;0.28963;2
-0.57059;-0.706;2
0.8629;-0.36323;2
-0.44912;0.83584;2
-0.83817;0.47023;2
-0.79054;-0.54549;2
-0.03331;0.03362;3
-0.02486;0.0608;3
0.01294;0.12116;3
0.02069;0.1565;3
0.05446;0.16504;3
-0.13056;-0.1238;3
0.06656;0.16956;3
0.0655;0.17218;3
0.08745;0.20416;3
0.06435;0.21886;3
0.24292;-0.07868;3
0.09654;0.24917;3
0.09121;0.25993;3
-0.05425;-0.28015;3
0.10788;0.29062;3
-0.02483;-0.36674;3
0.04049;0.37918;3
-0.03035;-0.38521;3
-0.30206;0.24676;3
-0.23205;-0.32737;3
0.13702;0.41876;3
0.17901;0.42133;3
-0.13677;-0.43574;3
-0.08774;0.45352;3
0.45797;-0.11373;3
-0.29555;-0.36989;3
-0.38743;0.28469;3
0.11837;0.47433;3
0.52707;-0.11304;3
0.15394;0.52584;3
0.06352;0.54423;3
0.56214;-0.02301;3
0.54157;-0.15325;3
0.0348;-0.56316;3
-0.18953;-0.53189;3
-0.38284;-0.41662;3
0.11912;0.5673;3
0.59617;-0.04454;3
-0.21461;-0.57623;3
-0.54837;0.36431;3
-0.34347;-0.57026;3
0.23486;0.66504;3
-0.63663;0.31744;3
-0.68358;0.21165;3
-0.26058;-0.66645;3
-0.46287;-0.5546;3
-0.38203;-0.61983;3
-0.39286;-0.63923;3
-0.46561;0.61786;3
-0.35578;-0.74596;3
0.83733;0.09673;3
0.77977;-0.51575;3
0.91814;0.17864;3
0.8969;-0.26724;3
0.83067;-0.43412;3
0.8605;-0.37797;3
0.88661;-0.33427;3
0.86108;-0.40297;3
-0.42432;0.85673;3
0.88613;-0.35765;3
0.88409;-0.37987;3
-0.51506;0.81611;3
0.89171;-0.37146;3
0.13917;0.32334;4
-0.15837;-0.32163;4
-0.26968;0.28303;4
-0.40921;-0.10453;4
-0.4152;-0.10569;4
0.0978;-0.42761;4
0.4637;-0.15769;4
0.10671;0.4835;4
-0.07477;-0.50077;4
-0.33526;-0.38771;4
-0.20447;0.48214;4
-0.14872;-0.51654;4
-0.56966;-0.18771;4
-0.3756;-0.46899;4
-0.37888;-0.46671;4
-0.24723;0.57677;4
-0.24099;0.57967;4
-0.62691;-0.01016;4
-0.62779;-0.00969;4
-0.24105;0.58029;4
-0.24137;0.58146;4
-0.24821;0.58212;4
-0.63144;0.07457;4
-0.24866;0.58704;4
-0.25312;0.58705;4
-0.254;0.58787;4
-0.25362;0.58846;4
-0.29452;-0.57524;4
-0.53174;-0.39208;4
-0.19224;-0.64812;4
-0.19212;-0.64876;4
-0.6276;0.3826;4
0.73034;-0.10974;4
0.35852;-0.75321;4
0.35783;-0.75429;4
0.51222;-0.66553;4
-0.31462;0.79717;4
-0.15449;0.91742;4
-0.4407;0.82265;4
0.74591;0.56128;4
0.84665;-0.40472;4
-0.19394;-0.92196;4
-0.19441;-0.92359;4
-0.48337;0.81451;4
0.65603;0.6837;4
-0.76491;0.59095;4
-0.0821;-0.01384;5
-0.04154;0.09341;5
-0.10795;0.05464;5
0.07857;-0.13423;5
-0.05715;0.15095;5
-0.08441;0.13985;5
-0.02886;0.16657;5
0.0462;0.27463;5
-0.13871;0.29202;5
-0.09221;-0.32742;5
0.04228;-0.38569;5
-0.14025;-0.38235;5
0.41404;-0.16008;5
0.39831;0.2039;5
0.13128;-0.45217;5
-0.3582;-0.33645;5
0.32975;-0.36848;5
-0.45731;-0.25953;5
0.03023;0.5339;5
-0.25354;0.48438;5
0.4568;-0.35667;5
-0.56368;-0.19198;5
-0.05534;-0.61374;5
0.38058;-0.50246;5
0.16591;0.65492;5
-0.6091;-0.38259;5
0.13623;0.73902;5
0.59854;0.5332;5
-0.56679;0.60748;5
-0.79997;0.24933;5
-0.72318;0.4497;5
-0.73925;0.45736;5
-0.74702;0.46197;5
-0.7483;0.46823;5
-0.47743;0.74927;5
-0.47821;-0.76024;5
0.89409;0.1312;5
0.23548;-0.88203;5
0.74586;-0.54437;5
-0.33331;-0.87068;5
-0.50303;0.79005;5
0.65002;0.69942;5
0.09123;0.2025;6
-0.25182;0.3213;6
0.05955;-0.40857;6
0.36934;0.18695;6
0.42459;-0.17877;6
0.1555;-0.43436;6
-0.36537;0.32495;6
-0.14246;-0.47541;6
-0.42675;0.25683;6
-0.35561;0.40017;6
-0.03037;0.54764;6
-0.02318;0.54841;6
-0.37315;-0.45525;6
-0.37953;-0.45249;6
-0.37267;-0.45807;6
-0.30562;0.50792;6
-0.37511;-0.45765;6
-0.38169;-0.45967;6
-0.38284;-0.46016;6
-0.28671;-0.54087;6
-0.21173;0.578;6
-0.21729;0.57669;6
-0.21374;0.57864;6
-0.28937;-0.54544;6
-0.28938;-0.54642;6
-0.2906;-0.5467;6
0.43633;0.44926;6
-0.23159;0.59292;6
-0.23208;0.59409;6
0.44989;0.50915;6
0.57601;0.46232;6
0.67612;0.34527;6
0.47823;-0.59005;6
0.42665;0.63807;6
0.30025;0.73714;6
-0.80413;-0.10685;6
-0.38838;-0.72915;6
-0.51318;-0.69791;6
0.28562;-0.83348;6
0.2828;-0.84422;6
0.88306;0.13181;6
-0.56697;-0.69625;6
-0.11912;0.89199;6
0.15957;0.90155;6
-0.91529;0.0393;6
0.89706;-0.27919;6
0.79868;-0.49831;6
0.86001;-0.39618;6
0.8595;-0.39914;6
-0.91927;0.24227;6
-0.71295;0.63636;6
-0.9553;0.11564;6
-0.93322;0.23615;6
0.09694;-0.08266;7
-0.16151;-0.16019;7
0.22249;-0.11324;7
0.05782;-0.32078;7
0.08755;0.38317;7
-0.15832;-0.36178;7
0.19734;-0.38144;7
0.43265;-0.0988;7
0.47145;-0.10138;7
0.49732;-0.06535;7
-0.37958;0.35483;7
-0.30557;-0.43481;7
-0.24033;0.48436;7
0.54383;-0.10721;7
-0.4883;0.31621;7
0.59361;-0.04172;7
0.55899;-0.24485;7
0.58476;-0.21502;7
0.61946;-0.16229;7
-0.29421;-0.5713;7
-0.32502;0.5658;7
-0.27307;-0.59801;7
-0.59282;0.30346;7
-0.03359;-0.67035;7
-0.21603;0.67138;7
-0.31587;-0.64587;7
0.08288;-0.80017;7
-0.62072;0.52384;7
0.34966;-0.77299;7
0.04957;-0.85765;7
0.0506;-0.85764;7
0.83351;0.26559;7
0.72971;-0.4989;7
0.50646;-0.76119;7
-0.27363;-0.87781;7
0.89721;-0.25579;7
0.90473;-0.28041;7
-0.31659;-0.90118;7
-0.95189;0.14948;7
-0.9627;0.04592;7
-0.93209;0.24681;7
-0.03694;-0.0779;8
-0.06649;0.07818;8
0.16755;-0.03276;8
-0.04116;0.17079;8
-0.00988;0.18367;8
-0.02665;0.18741;8
0.16002;-0.11235;8
-0.23487;0.04198;8
0.0623;0.2442;8
0.30326;-0.0116;8
-0.0374;0.33349;8
-0.12112;0.31463;8
0.29179;0.17483;8
0.03202;0.35279;8
0.11313;0.36011;8
0.09412;-0.3729;8
0.09295;0.40396;8
-0.00769;0.47301;8
-0.30619;-0.38211;8
-0.39314;-0.31005;8
0.50343;-0.13576;8
-0.29543;0.46817;8
0.23501;0.532;8
-0.23582;0.65673;8
-0.34129;0.61013;8
0.42005;0.56322;8
0.41715;0.5654;8
0.41706;0.56712;8
0.42054;0.56506;8
-0.29623;-0.64422;8
0.36112;-0.63003;8
-0.2856;-0.6918;8
-0.28549;-0.69374;8
0.67729;-0.35075;8
-0.16769;-0.75091;8
-0.67177;0.39191;8
0.3735;-0.72417;8
-0.18725;0.79673;8
0.57757;-0.58484;8
-0.14411;-0.80921;8
-0.39498;0.73676;8
0.18066;-0.82375;8
0.58771;0.62019;8
-0.23324;0.84224;8
-0.81354;-0.32794;8
0.46165;0.80931;8
0.52162;-0.80808;8
0.18892;-0.00415;9
-0.2715;-0.01436;9
-0.48574;0.01847;9
0.25583;-0.50704;9
0.56693;-0.15721;9
-0.25794;-0.56223;9
0.25315;-0.59667;9
0.42222;-0.51213;9
-0.65757;-0.34718;9
-0.03223;-0.7454;9
0.47563;-0.58217;9
-0.00842;-0.75244;9
-0.79366;-0.02258;9
0.41807;0.70939;9
0.31928;-0.76121;9
0.20903;0.85066;9
0.86944;-0.11674;9
0.04381;-0.88676;9
0.67327;-0.59285;9
-0.3578;0.82958;9
-0.33746;0.87615;9
-0.54973;0.76444;9
-0.94303;-0.05728;9
-0.77823;0.54126;9
-0.26616;-0.92353;9
-0.61217;-0.74373;9
-0.04379;0.05251;10
-0.09823;0.01018;10
-0.12228;-0.0873;10
0.03184;0.16049;10
0.0105;0.18862;10
0.06301;0.21985;10
-0.22331;0.09289;10
0.10716;0.2423;10
-0.18513;-0.21738;10
0.26038;0.25501;10
0.18399;0.33727;10
0.30378;-0.23981;10
0.10197;0.37603;10
0.12881;0.38303;10
0.40119;0.1744;10
0.09737;-0.46339;10
0.11987;0.48276;10
0.15369;0.4779;10
0.48242;-0.19065;10
-0.26792;-0.48707;10
0.19176;0.53564;10
0.31031;0.48898;10
0.22051;0.58513;10
0.25409;0.57253;10
0.28446;0.62118;10
-0.31283;0.66657;10
0.47337;-0.61999;10
0.69836;0.37661;10
-0.57952;-0.55407;10
-0.60384;-0.60027;10
-0.60543;-0.60013;10
-0.60204;-0.60344;10
-0.85657;0.04219;10
-0.66076;0.56828;10
-0.50564;-0.74487;10
0.5452;-0.72184;10
0.61783;0.66319;10
0.87455;-0.27649;10
0.41127;0.83123;10
0.91001;-0.22844;10
0.92113;-0.19951;10
0.0978;0.20954;11
0.05418;-0.24349;11
-0.28382;-0.07604;11
-0.22502;0.28732;11
0.3759;-0.19006;11
0.19249;0.39152;11
-0.00855;-0.44521;11
0.46841;-0.12667;11
-0.00364;0.48716;11
0.21754;0.45199;11
0.45743;-0.22285;11
0.15062;0.50444;11
0.48935;0.23121;11
0.13001;0.54354;11
0.55344;-0.11659;11
0.41998;0.40274;11
-0.23014;-0.6554;11
-0.18934;0.68588;11
0.35305;0.67335;11
-0.60779;0.48992;11
-0.42918;-0.70522;11
0.43411;-0.72307;11
0.11975;0.84628;11
-0.05635;-0.85363;11
-0.24588;0.84299;11
0.86932;-0.21861;11
0.87333;-0.26571;11
-0.91409;-0.0928;11
-0.75185;-0.52927;11
-0.03309;-0.19899;12
-0.21515;0.00761;12
-0.19717;0.12584;12
-0.23581;0.01016;12
0.18816;0.15957;12
-0.0132;0.26204;12
-0.10473;0.24879;12
0.26883;0.10967;12
0.00212;0.32446;12
0.1438;0.36495;12
-0.16457;0.35893;12
-0.29985;-0.27242;12
-0.15753;-0.4446;12
-0.0118;-0.49883;12
-0.49861;-0.0615;12
0.40605;-0.29932;12
-0.12367;-0.4984;12
-0.07438;-0.50918;12
-0.16751;-0.51806;12
0.49449;-0.29507;12
-0.01981;0.62923;12
0.63009;-0.08015;12
0.2372;0.6063;12
0.49805;-0.45256;12
0.25727;-0.62771;12
0.46153;-0.50939;12
-0.68975;-0.1796;12
-0.68748;0.26882;12
-0.01161;-0.76002;12
-0.37735;0.74377;12
0.28907;-0.80607;12
-0.33614;0.80495;12
-0.71877;-0.51488;12
-0.36097;-0.80931;12
0.53836;-0.70482;12
-0.65014;-0.62461;12
-0.90064;-0.2219;12
-0.69781;0.62181;12
0.72963;0.60798;12
-0.81256;0.49271;12
-0.80154;-0.52532;12
-0.65536;0.70834;12
-0.05437;0.05908;13
-0.09048;-0.07611;13
-0.17527;0.09028;13
-0.06892;0.18639;13
-0.20502;0.16122;13
0.29766;-0.15807;13
-0.02041;0.36441;13
0.24315;0.28798;13
-0.27764;-0.28921;13
-0.4767;0.02679;13
0.45141;-0.19123;13
0.3017;0.43098;13
0.30277;0.43113;13
0.43549;0.3545;13
0.40804;0.45495;13
0.28085;0.55119;13
0.45237;0.42328;13
0.47691;0.40843;13
0.41184;0.47712;13
0.41014;0.50158;13
0.00326;0.66577;13
0.47985;0.47159;13
0.43507;0.51611;13
0.17809;0.69326;13
-0.42136;-0.57906;13
0.67918;-0.24446;13
0.56904;0.4761;13
0.61415;0.50877;13
0.2836;0.74763;13
-0.29284;-0.76053;13
0.51715;0.63583;13
0.64635;0.51309;13
-0.43793;0.70243;13
0.56293;0.73368;13
-0.44543;-0.83989;13
0.81095;0.51052;13
-0.35593;-0.89071;13
-0.11946;-0.01139;14
0.06216;0.12167;14
-0.11066;-0.10526;14
-0.13932;-0.14964;14
0.1153;-0.21224;14
0.13274;-0.25181;14
-0.29489;0.146;14
-0.37275;0.11349;14
-0.38372;0.11326;14
0.32177;-0.25875;14
0.45551;-0.0279;14
0.23068;0.3948;14
0.2204;0.4161;14
0.2523;0.42894;14
-0.15001;0.49173;14
0.04111;0.5259;14
-0.16257;0.50775;14
0.22396;0.49459;14
-0.16859;0.51857;14
-0.13063;-0.52968;14
-0.10251;-0.56052;14
0.24179;0.53462;14
0.33454;0.49465;14
-0.04962;0.59661;14
0.25811;0.547;14
-0.60806;0.14915;14
-0.21142;-0.60661;14
-0.34451;-0.55258;14
-0.34607;-0.55459;14
0.29944;0.58382;14
0.27686;0.59703;14
0.25704;-0.6231;14
-0.63108;-0.28093;14
0.26852;-0.65161;14
0.2658;-0.65452;14
0.2661;-0.65962;14
-0.33556;-0.66224;14
0.22376;0.72084;14
-0.03197;-0.77211;14
0.56583;0.55221;14
-0.84011;-0.10835;14
-0.5888;0.61068;14
-0.71853;-0.45463;14
-0.67329;0.53013;14
-0.66241;0.59163;14
-0.41269;-0.79067;14
0.88933;-0.07203;14
-0.16287;0.87869;14
0.84453;0.30844;14
-0.88946;0.15953;14
-0.39669;-0.82677;14
-0.39401;-0.82894;14
-0.43804;0.81298;14
-0.66686;-0.64536;14
-0.47777;0.7979;14
0.94505;0.05431;14
0.71438;-0.62281;14
0.95478;-0.12612;14
-0.02103;0.15055;15
-0.13744;-0.10132;15
-0.15004;-0.08781;15
-0.21293;0.07763;15
-0.14439;-0.20507;15
0.03934;0.25299;15
0.04152;0.29492;15
0.05645;-0.34261;15
-0.28646;-0.23774;15
-0.29112;-0.23955;15
-0.23459;-0.2966;15
-0.29246;-0.24043;15
0.39246;-0.22221;15
0.53256;-0.08666;15
0.54738;-0.01711;15
-0.5001;0.2819;15
0.50654;0.31243;15
0.59104;-0.07941;15
-0.56494;-0.21939;15
0.5996;0.12564;15
-0.53212;0.31202;15
-0.61379;0.20804;15
0.65943;0.10385;15
-0.35933;0.57536;15
0.66602;-0.12869;15
0.64091;-0.23958;15
-0.66619;0.21559;15
-0.47283;-0.51786;15
-0.21986;0.66819;15
-0.3093;0.63424;15
-0.16659;0.69768;15
-0.64032;-0.39172;15
0.49538;-0.5803;15
0.67659;-0.35797;15
-0.7591;-0.19315;15
-0.68489;-0.42069;15
-0.27303;-0.78079;15
-0.17303;-0.82082;15
-0.17696;-0.82049;15
0.709;0.45534;15
0.85154;0.34638;15
-0.83048;-0.39819;15
-0.48717;0.78341;15
0.67466;0.63612;15
-0.39094;0.8593;15
0.15125;-0.07358;16
0.16516;-0.07463;16
0.16954;-0.08007;16
-0.20894;0.05637;16
-0.15789;0.18402;16
0.19216;-0.16801;16
0.32884;-0.12434;16
0.42107;0.17883;16
-0.46483;-0.15826;16
0.10519;0.52188;16
-0.19895;0.49442;16
-0.59493;-0.05845;16
0.5983;0.06742;16
-0.56032;0.24189;16
-0.12234;0.62305;16
0.37864;-0.51917;16
0.02967;-0.66993;16
0.0269;-0.67162;16
0.0312;-0.67166;16
0.02646;-0.6728;16
0.02618;-0.67393;16
-0.04993;0.67847;16
-0.00367;-0.69079;16
-0.52382;0.47678;16
-0.46189;-0.5489;16
-0.69684;-0.33082;16
-0.77249;0.0376;16
0.05233;0.77557;16
0.00552;0.7876;16
-0.18092;0.77174;16
0.16063;0.78074;16
-0.54352;0.62395;16
-0.15641;0.82283;16
-0.43224;0.73966;16
0.20933;0.83802;16
-0.08926;0.86216;16
-0.84443;0.20464;16
0.86246;-0.24145;16
-0.50862;0.7509;16
0.90591;0.15955;16
0.16354;0.90625;16
0.34086;0.86446;16
-0.46856;0.84205;16
-0.00554;-0.03108;17
0.00685;-0.24515;17
-0.24243;0.05906;17
-0.09117;-0.24503;17
-0.3352;0.0691;17
-0.21992;-0.27242;17
-0.34587;0.06696;17
0.37578;-0.16515;17
-0.39537;0.13862;17
-0.12307;-0.4696;17
-0.40631;0.31754;17
-0.48899;0.23421;17
-0.52334;-0.17397;17
-0.43137;-0.35145;17
-0.39475;-0.4219;17
-0.1414;-0.57085;17
-0.11491;0.58;17
-0.51017;0.30307;17
0.16756;0.58839;17
0.38153;-0.51989;17
0.64048;0.13982;17
-0.52462;0.43116;17
-0.49093;-0.4952;17
0.63928;-0.40265;17
0.48489;-0.59896;17
0.31797;0.76182;17
-0.01659;-0.85434;17
-0.42448;0.7632;17
0.28886;-0.85392;17
-0.31357;-0.84833;17
-0.24127;-0.87995;17
-0.80166;0.43991;17
-0.24038;-0.88136;17
-0.24739;-0.87957;17
0.91432;-0.04494;17
0.29301;-0.87389;17
0.6599;-0.64621;17
0.29969;-0.87528;17
-0.73143;-0.60961;17
-0.01925;0.11851;18
0.23037;-0.07643;18
-0.16645;0.28216;18
0.22846;-0.30778;18
0.37812;-0.06928;18
0.30614;-0.2749;18
0.45796;0.05929;18
0.0682;-0.45788;18
0.17387;0.4483;18
-0.26317;-0.48718;18
-0.45332;-0.34729;18
-0.3317;0.5012;18
-0.38725;0.51232;18
-0.39136;0.5126;18
-0.33161;0.56132;18
0.12678;-0.65169;18
0.62126;-0.24627;18
-0.63589;-0.25305;18
-0.70005;-0.09847;18
0.47268;-0.55045;18
0.75808;0.05462;18
-0.35147;-0.67321;18
-0.16767;0.75269;18
-0.75006;0.19463;18
0.02411;0.78747;18
-0.5218;0.60116;18
-0.63775;0.48252;18
-0.80777;-0.04153;18
-0.46223;0.67272;18
0.27989;-0.80009;18
-0.86041;-0.16066;18
0.72285;-0.49831;18
-0.46677;-0.74789;18
-0.87374;0.15395;18
0.69183;-0.5563;18
-0.89117;0.05395;18
-0.89144;0.05436;18
0.77275;-0.45706;18
-0.50209;0.75518;18
0.90627;-0.10845;18
-0.78841;-0.4745;18
0.90006;0.19552;18
-0.37257;0.84761;18
-0.33544;-0.86317;18
0.2055;-0.90676;18
0.87522;0.3261;18
-0.70127;0.62707;18
-0.9288;0.20026;18
-0.76383;0.58136;18
-0.01824;0.007;19
-0.03567;0.13613;19
-0.155;-0.13233;19
-0.26042;0.01296;19
-0.15595;-0.29504;19
-0.07849;-0.49687;19
-0.08464;-0.49703;19
-0.50969;0.01952;19
-0.41481;-0.44326;19
-0.14933;0.63575;19
0.63839;0.15143;19
-0.67938;0.23089;19
-0.38263;0.64191;19
-0.39999;-0.63588;19
-0.50073;0.56182;19
-0.13139;-0.74915;19
-0.2256;0.73171;19
-0.4491;0.63442;19
0.58199;0.51576;19
-0.785;-0.23002;19
-0.49317;-0.67998;19
-0.62677;-0.57947;19
0.27934;-0.80973;19
-0.36332;0.79635;19
-0.30117;-0.84227;19
0.61173;-0.67702;19
0.88285;-0.36244;19
0.822;-0.50235;19
-0.10818;0.09914;20
0.03236;0.16662;20
0.10947;-0.13469;20
-0.2915;0.09006;20
0.00352;-0.37295;20
-0.02982;-0.40715;20
-0.03334;-0.40862;20
-0.0335;-0.41053;20
-0.03467;-0.41094;20
-0.07509;0.42964;20
0.03089;0.43805;20
-0.17952;0.46091;20
-0.17834;0.46163;20
-0.183;0.46303;20
0.41123;-0.28238;20
0.46013;-0.22099;20
0.30494;-0.4533;20
-0.46267;0.29886;20
-0.09961;-0.58644;20
0.2689;-0.54419;20
-0.22588;-0.61853;20
0.63891;-0.21777;20
-0.48919;0.47773;20
0.52837;-0.47397;20
-0.15447;0.71249;20
0.42356;-0.61906;20
-0.68549;0.32105;20
0.36199;-0.6654;20
0.72218;0.25697;20
0.64928;-0.44869;20
0.76696;-0.26645;20
-0.27565;0.76508;20
0.39359;-0.72582;20
0.70277;-0.44213;20
0.27103;-0.82008;20
0.27123;-0.82106;20
0.2752;-0.8201;20
0.27059;-0.82258;20
0.27553;-0.82097;20
0.28494;-0.81932;20
0.27517;-0.82276;20
0.27124;-0.82497;20
-0.84055;0.24241;20
-0.26268;0.83594;20
0.72722;0.49861;20
-0.83904;0.27295;20
-0.31624;-0.83106;20
0.80693;-0.3899;20
-0.66934;0.59917;20
0.86351;-0.28395;20
0.45261;-0.7986;20
-0.37978;0.85943;20
-0.5401;0.77851;20
0.88639;0.34288;20
-0.34807;0.88486;20
-0.52939;0.79157;20
0.94231;0.15575;20
-0.45094;0.84294;20
0.07045;-0.05543;21
0.14862;-0.06349;21
-0.21693;-0.18375;21
-0.26101;-0.15814;21
-0.36379;-0.0822;21
-0.41125;0.23967;21
-0.04736;0.49402;21
0.37694;0.39146;21
-0.27841;-0.6798;21
-0.37388;-0.65741;21
-0.44748;-0.61419;21
0.55776;-0.56006;21
0.51601;-0.63279;21
0.66862;-0.47545;21
0.31352;0.76876;21
-0.28732;0.795;21
0.66324;-0.5327;21
-0.29784;-0.81663;21
-0.3998;0.78107;21
-0.5035;-0.71756;21
-0.50759;-0.71476;21
-0.30066;-0.84001;21
-0.52321;0.74926;21
-0.44113;0.82646;21
-0.64013;-0.6966;21
-0.75157;0.59131;21
0.27884;-0.27083;21
-0.40227;0.06589;21
-0.09906;0.40677;21
0.14419;-0.48208;21
-0.24982;-0.44566;21
-0.27899;-0.44159;21
-0.22772;0.52477;21
-0.48171;-0.36147;21
-0.26969;-0.53956;21
0.58977;-0.24158;21
-0.48101;-0.43086;21
0.14761;-0.67942;21
-0.35988;0.61887;21
-0.1599;-0.73788;21
-0.5889;0.48266;21
-0.14218;-0.75224;21
-0.2506;-0.72689;21
0.26509;0.73289;21
-0.38648;0.67968;21
-0.66267;0.48721;21
0.28313;-0.79697;21
0.28412;-0.79711;21
0.2835;-0.79996;21
-0.73995;0.55601;21
-0.18607;-0.90651;21
-0.18724;-0.90831;21
-0.92193;-0.13376;21
-0.19272;-0.92929;21
-0.29644;-0.90973;21
0.1133;0.05268;22
0.13472;-0.23321;22
-0.37772;0.01128;22
0.34548;-0.17672;22
-0.358;0.17545;22
0.39746;-0.21082;22
-0.46974;-0.03671;22
0.50977;0.04477;22
-0.51897;0.06504;22
-0.37499;-0.40047;22
-0.52203;-0.40568;22
-0.50846;0.43154;22
-0.327;-0.59855;22
0.61954;-0.34506;22
0.66274;0.32611;22
-0.71885;0.29165;22
-0.45225;0.64049;22
-0.50924;-0.65634;22
-0.11734;-0.83061;22
0.84463;0.0633;22
0.19678;-0.82369;22
-0.55823;0.6576;22
0.87155;-0.05792;22
-0.21008;0.8623;22
0.84069;-0.42031;22
-0.85135;-0.40885;22
-0.93414;0.14658;22
-0.43023;-0.8434;22
-0.25496;0.9151;22
-0.70393;0.64304;22
0.52371;-0.79584;22
0.47512;-0.83791;22
-0.03676;0.05555;23
-0.02487;0.11417;23
-0.1503;-0.12686;23
-0.04233;-0.22877;23
0.15709;0.24385;23
-0.23079;0.1908;23
0.03821;-0.29925;23
0.19266;0.24041;23
0.28254;0.1433;23
-0.15191;0.29659;23
-0.12559;-0.41035;23
-0.026;0.45485;23
0.48636;-0.06434;23
-0.37094;-0.35055;23
-0.40862;-0.31415;23
0.51715;-0.00131;23
0.02804;-0.61112;23
-0.00112;-0.614;23
-0.05478;-0.61479;23
-0.45529;-0.52981;23
-0.37111;0.59707;23
0.44825;-0.54477;23
0.14473;-0.69188;23
0.54275;-0.47189;23
-0.43744;0.57762;23
-0.06181;0.77042;23
0.75469;0.17171;23
-0.26723;0.73459;23
-0.55428;-0.55779;23
-0.46767;-0.63721;23
0.2448;0.77695;23
-0.30418;0.77844;23
0.7301;-0.43548;23
0.77321;0.36526;23
-0.87508;0.07409;23
-0.7876;-0.41174;23
-0.46446;0.77139;23
-0.1793;-0.88183;23
0.66307;-0.6192;23
0.86565;-0.3171;23
-0.78234;-0.50519;23
-0.92815;0.14016;23
-0.29807;-0.89065;23
-0.69796;0.6458;23
-0.93709;0.1897;23
0.39077;-0.88236;23
-0.06064;0.01663;24
-0.02785;0.07358;24
-0.05827;0.06091;24
-0.05978;0.07326;24
-0.11416;-0.1035;24
-0.03581;0.15263;24
-0.01636;0.17727;24
0.27189;0.00965;24
0.14599;0.24172;24
0.30251;-0.0511;24
0.08996;0.30102;24
-0.35228;0.02776;24
0.05046;0.37012;24
0.05345;0.37206;24
-0.37128;-0.09464;24
0.44202;-0.10685;24
0.10378;0.45983;24
0.45561;-0.12412;24
-0.42659;-0.24756;24
0.43481;0.31117;24
0.05587;-0.5325;24
-0.31635;-0.43507;24
-0.27818;-0.46487;24
-0.46833;0.28131;24
0.28374;-0.47827;24
0.55419;0.05656;24
-0.52396;-0.19795;24
-0.02671;-0.56909;24
0.02489;0.57469;24
-0.11881;0.65601;24
-0.48401;0.48874;24
-0.19243;0.66562;24
-0.19379;0.66959;24
-0.30571;-0.62789;24
0.29564;0.6417;24
-0.23563;-0.66516;24
-0.35715;0.62263;24
-0.53015;0.5054;24
0.09761;0.73703;24
-0.49937;0.55437;24
0.08254;-0.80792;24
0.08176;-0.80909;24
0.08539;-0.8089;24
0.30411;-0.7549;24
0.08189;-0.81155;24
0.03456;-0.81831;24
-0.46212;0.72725;24
-0.1916;-0.8399;24
0.71132;0.48938;24
-0.1925;-0.84069;24
-0.19784;-0.84259;24
0.5552;0.72283;24
0.49951;-0.78185;24
-0.50909;0.78041;24
-0.49706;0.78868;24
-0.94426;0.05961;24
-0.11976;0.07957;25
0.19078;0.01181;25
0.05353;-0.19608;25
0.1468;-0.21846;25
0.05871;-0.27499;25
-0.14008;-0.28763;25
0.13481;-0.3188;25
0.11726;-0.33371;25
0.13727;0.33858;25
0.24586;-0.32108;25
0.35341;0.22245;25
-0.39168;-0.191;25
-0.39879;-0.26534;25
-0.09784;-0.49924;25
0.3892;-0.45999;25
0.60945;-0.08331;25
-0.34019;-0.51393;25
0.33105;-0.52067;25
-0.59622;0.18084;25
-0.47875;0.43547;25
0.21806;0.61692;25
-0.64851;0.09007;25
0.28419;-0.61342;25
0.34131;0.6485;25
-0.73019;0.12535;25
-0.02114;-0.7404;25
0.73794;-0.07868;25
0.74064;-0.07875;25
-0.75337;0.00502;25
-0.62708;0.478;25
0.27391;-0.73833;25
0.29151;-0.78604;25
-0.72236;0.44875;25
0.63875;-0.57003;25
0.17972;0.93013;25
-0.94977;0.00728;25
0.8897;0.35091;25
0.7953;0.53704;25
-0.92505;-0.26545;25
-0.83491;-0.48245;25
-0.83694;-0.48256;25
-0.16704;-0.05154;26
0.17426;-0.07412;26
0.17478;-0.07641;26
-0.14215;0.23506;26
-0.21666;0.23014;26
-0.25904;0.19446;26
0.21112;0.30561;26
0.12528;0.39407;26
-0.28368;0.30378;26
0.10483;-0.44781;26
0.41844;-0.20508;26
-0.47398;0.09803;26
-0.3427;0.39035;26
-0.59522;0.08444;26
0.6208;-0.02768;26
0.3301;0.52715;26
0.63668;0.02005;26
0.60827;-0.19482;26
-0.05285;-0.66034;26
-0.7161;0.02313;26
-0.63107;0.36035;26
0.73836;-0.00531;26
0.59282;-0.44497;26
0.1526;-0.73595;26
-0.74508;0.11968;26
-0.2;0.74002;26
0.57186;0.51584;26
0.1943;-0.78173;26
-0.69065;0.49086;26
0.18691;-0.83243;26
-0.46985;-0.72754;26
-0.4706;-0.72976;26
-0.80731;0.32298;26
-0.84426;0.22138;26
0.43802;-0.76747;26
0.64289;0.6174;26
-0.22821;-0.8697;26
-0.44408;0.79098;26
-0.68595;0.61041;26
-0.33142;0.85738;26
-0.48067;0.78365;26
-0.89811;-0.27308;26
0.43061;-0.83621;26
0.76338;0.55662;26
0.80007;-0.50524;26
0.30078;0.89882;26
-0.94876;0.13569;26
0.79251;0.5523;26
-0.67859;0.68803;26
-0.02885;0.1045;27
-0.10984;-0.1221;27
-0.00509;0.1664;27
0.01322;0.16994;27
0.06115;0.16487;27
-0.24749;-0.0974;27
0.26789;0.13473;27
-0.18507;-0.25277;27
-0.00208;0.32263;27
0.13658;0.30102;27
0.13359;0.30645;27
-0.19135;-0.37136;27
0.21148;0.38075;27
-0.40508;-0.15927;27
-0.40598;-0.1612;27
-0.40769;0.16671;27
0.29468;0.33846;27
0.40916;-0.21101;27
-0.12494;0.44541;27
-0.17369;-0.44005;27
0.44493;-0.16757;27
0.17321;0.45779;27
-0.06994;-0.49187;27
0.48205;-0.18212;27
0.47366;-0.21448;27
-0.18892;-0.4939;27
0.45197;-0.27975;27
0.42544;-0.34448;27
-0.51504;0.31166;27
0.47332;0.47551;27
0.03964;-0.67734;27
0.15595;-0.6782;27
-0.55272;-0.45904;27
0.50894;0.52178;27
-0.5087;0.55385;27
0.25374;0.70792;27
-0.70773;0.39376;27
-0.5296;0.63154;27
-0.53105;0.63242;27
-0.53397;0.63146;27
0.3872;0.73395;27
-0.53997;0.68274;27
-0.8379;0.2915;27
-0.1755;-0.87291;27
0.84636;0.28831;27
-0.56188;0.73848;27
-0.34816;-0.86841;27
0.22108;-0.9253;27
-0.28304;0.16762;28
-0.08701;0.40767;28
0.19049;0.43376;28
-0.06127;-0.4793;28
-0.2561;-0.46428;28
-0.02884;-0.55427;28
-0.27586;0.50101;28
0.60529;0.27708;28
-0.13881;0.68757;28
-0.69363;0.22896;28
0.7102;0.19544;28
-0.39938;0.64874;28
0.21256;0.73965;28
-0.66133;0.39678;28
-0.2246;-0.77537;28
-0.15561;-0.80379;28
-0.51163;0.64247;28
-0.59306;0.60472;28
-0.50411;-0.69604;28
0.10503;-0.85433;28
-0.18011;-0.87847;28
0.851;-0.31287;28
-0.3555;-0.83462;28
0.76541;0.52667;28
0.41189;0.85906;28
-0.10871;-0.04053;29
-0.01871;0.22142;29
-0.00114;0.25124;29
0.3365;0.03402;29
-0.31288;-0.17782;29
-0.25783;-0.28518;29
0.05244;0.40475;29
-0.22588;-0.34315;29
-0.37262;-0.19494;29
-0.37283;-0.19624;29
0.39359;-0.21298;29
0.4049;0.20476;29
-0.23359;0.42343;29
-0.48055;0.2533;29
-0.22618;0.53827;29
0.46003;0.50855;29
0.71677;-0.30886;29
0.80068;0.05962;29
0.70585;0.38897;29
-0.38588;0.75408;29
-0.20025;0.83746;29
-0.44429;0.74241;29
0.41745;0.78491;29
0.1827;-0.89117;29
-0.67615;-0.62619;29
0.55018;-0.75492;29
0.6662;0.66329;29
0.87528;0.37751;29
0.40231;-0.86645;29
-0.28643;-0.91275;29
0.28279;-0.91621;29
-0.01319;-0.082;29
0.05066;-0.13872;29
0.14221;-0.11136;29
0.17725;-0.06298;29
0.15443;-0.1665;29
0.20071;-0.11901;29
0.28441;-0.06335;29
0.243;-0.49223;29
-0.39961;0.399;29
-0.38738;0.52995;29
0.10734;-0.66542;29
0.16059;-0.72309;29
-0.49771;-0.62392;29
-0.03504;-0.82677;29
-0.24097;-0.79717;29
-0.49072;-0.6734;29
-0.68986;-0.47865;29
0.86995;-0.14666;29
0.33139;0.82565;29
0.25769;0.87637;29
0.81332;-0.49815;29
0.88833;-0.34743;29
0.9361;0.22279;29
-0.03124;0.09247;30
-0.04594;-0.14602;30
0.19323;-0.22408;30
-0.02325;0.30644;30
0.2722;-0.22113;30
-0.36719;-0.07317;30
-0.33732;0.22689;30
0.18195;0.37823;30
-0.39327;0.19692;30
0.16082;0.45178;30
-0.28123;-0.42525;30
-0.28126;-0.42638;30
0.1952;0.49295;30
-0.27897;-0.54406;30
-0.09155;0.62584;30
0.11383;0.63827;30
-0.24081;-0.60396;30
-0.24373;-0.60394;30
0.24844;0.60909;30
-0.5216;-0.43347;30
-0.42231;0.55414;30
-0.24373;-0.65928;30
0.352;0.62107;30
0.09816;-0.7251;30
-0.05895;-0.75411;30
-0.67098;0.36105;30
-0.76874;-0.04785;30
0.57085;-0.53546;30
-0.25223;0.75116;30
-0.03046;-0.79115;30
0.0276;-0.82574;30
-0.784;-0.33933;30
-0.63821;0.57758;30
-0.14801;-0.88275;30
0.56561;-0.73853;30
-0.77034;0.53085;30
-0.89211;0.29115;30
-0.93482;0.14547;30
-0.20474;-0.92563;30
-0.20354;-0.92638;30
-0.43958;-0.85542;30
-0.70296;-0.66343;30
-0.35359;0.90098;30
-0.13663;-0.09171;31
0.00307;0.2343;31
0.2196;0.08955;31
0.05684;0.30252;31
0.21804;0.26698;31
-0.15735;0.32307;31
0.06812;0.36009;31
0.18878;0.39623;31
0.43057;0.09684;31
-0.42076;0.1926;31
0.42167;-0.21168;31
0.20913;0.4258;31
0.12325;0.45935;31
0.19748;0.44104;31
0.46591;-0.16599;31
0.13039;0.49935;31
0.20051;0.478;31
0.22816;0.47169;31
0.52883;-0.10424;31
0.21539;0.49488;31
0.51996;-0.16018;31
0.25187;0.49217;31
0.24644;0.51305;31
0.20413;0.53639;31
0.23014;0.5407;31
0.23014;0.55254;31
0.07193;0.5949;31
0.25416;0.54854;31
-0.20509;-0.5733;31
0.18986;0.59066;31
-0.0888;-0.61982;31
0.17215;0.62058;31
-0.09296;-0.63872;31
-0.04611;0.68385;31
0.23517;0.65861;31
-0.14721;0.68897;31
0.2374;0.66747;31
-0.70683;0.07504;31
0.24781;0.69469;31
-0.4505;0.59175;31
0.19433;0.75112;31
0.77779;-0.04148;31
0.23949;0.77038;31
0.36451;-0.7936;31
0.80744;-0.38665;31
-0.16633;0.89414;31
0.71067;-0.58631;31
0.78446;0.48756;31
-0.58177;0.73037;31
0.90335;-0.26818;31
0.87348;0.35853;31
0.88867;-0.3779;31
0.51808;0.81634;31
-0.20224;-0.1494;32
-0.26745;0.13105;32
0.16812;-0.29196;32
0.08258;-0.36419;32
0.20493;0.31497;32
-0.3438;-0.18958;32
-0.02105;0.42514;32
0.39779;-0.17235;32
-0.11437;-0.42438;32
0.1932;0.46452;32
0.06007;-0.55734;32
-0.21117;-0.51986;32
0.49301;0.28819;32
-0.09179;0.5771;32
0.32126;0.52259;32
0.62486;0.1719;32
0.62474;-0.20217;32
0.59292;0.28525;32
-0.58012;0.36403;32
0.6701;0.23225;32
-0.51861;0.53076;32
-0.62118;-0.41312;32
-0.6991;0.314;32
-0.26909;-0.71878;32
-0.24409;0.77406;32
-0.70922;0.44648;32
-0.18941;0.82546;32
0.80748;0.28659;32
0.42281;0.74709;32
-0.80062;-0.32521;32
-0.37316;0.83214;32
0.78701;-0.47129;32
0.8229;-0.41877;32
-0.27805;-0.88055;32
0.88659;-0.33058;32
0.88554;-0.36242;32
-0.95227;0.11104;32
0.90114;-0.33754;32
0.90418;-0.33404;32
0.21404;-0.22789;33
-0.31396;-0.03425;33
-0.35271;0.06827;33
-0.27473;-0.37059;33
0.44523;0.15176;33
-0.41981;-0.22221;33
0.41143;0.24284;33
0.36086;-0.43851;33
0.1498;0.60591;33
-0.02539;-0.63553;33
-0.02316;-0.63556;33
-0.02634;-0.63711;33
0.0364;-0.64679;33
0.33081;-0.5842;33
-0.31647;0.59732;33
0.0085;-0.68175;33
0.73555;-0.05867;33
-0.0158;-0.80137;33
-0.0155;-0.80148;33
-0.40892;0.69217;33
0.07522;-0.82118;33
-0.80398;0.19067;33
-0.80564;0.18992;33
-0.80679;0.18729;33
-0.80822;0.18661;33
-0.45919;0.71262;33
-0.44128;0.76422;33
0.47122;-0.76607;33
0.76304;-0.49759;33
-0.32839;0.85216;33
0.81348;-0.46798;33
0.8972;-0.27847;33
-0.33919;-0.87998;33
-0.78866;-0.51842;33
0.82639;-0.45615;33
0.86743;-0.37823;33
0.8498;-0.42119;33
0.86424;-0.40047;33
0.02077;0.07806;34
-0.14873;-0.12856;34
0.07855;0.18324;34
0.02854;0.20585;34
0.07366;0.21541;34
0.05314;0.26711;34
-0.28112;0.0679;34
-0.20329;-0.22632;34
0.12244;0.28018;34
0.15338;0.26776;34
0.16576;0.30211;34
-0.02012;-0.37504;34
0.22759;0.30062;34
0.20232;0.31845;34
0.11659;0.38578;34
0.29356;-0.28941;34
0.28568;-0.29803;34
0.10461;0.41329;34
0.17659;0.38878;34
0.31824;0.30506;34
0.3932;-0.23607;34
-0.20525;0.41464;34
0.17643;0.42829;34
-0.2325;0.40149;34
0.23349;-0.41265;34
0.16756;0.45015;34
0.21885;0.43336;34
0.46263;-0.15727;34
0.401;-0.28752;34
0.2542;0.42934;34
0.44259;-0.23039;34
0.45502;-0.22549;34
0.49686;-0.10885;34
0.4961;-0.14086;34
0.49083;-0.16615;34
0.28801;-0.43212;34
0.50665;-0.11953;34
0.51566;-0.12663;34
-0.52861;0.0965;34
0.19131;0.50606;34
0.53593;-0.12601;34
-0.23439;0.50057;34
0.16654;0.53535;34
0.28798;0.48567;34
0.56962;-0.04303;34
0.34164;0.46442;34
0.17221;-0.55587;34
0.10105;0.58143;34
-0.31211;-0.50829;34
0.32343;0.50503;34
0.07031;0.60481;34
-0.60576;0.08695;34
-0.52014;0.32321;34
0.23827;0.60344;34
-0.32256;0.57391;34
0.14485;0.64386;34
-0.38912;0.54695;34
-0.63377;0.2709;34
0.53218;-0.45222;34
0.32028;0.62678;34
0.23818;0.68723;34
-0.72267;-0.10169;34
0.14454;0.72582;34
-0.75153;0.09859;34
-0.20341;-0.73367;34
-0.28087;0.71598;34
-0.03469;0.77079;34
0.16117;0.77398;34
0.61745;0.52408;34
0.73617;0.35232;34
-0.40656;0.73491;34
0.66244;0.53551;34
-0.86244;0.09504;34
0.41403;-0.78002;34
-0.49339;0.73741;34
0.68583;0.58817;34
0.75763;-0.51333;34
0.75485;-0.52305;34
-0.38702;0.83456;34
-0.38679;0.83491;34
0.86463;-0.36614;34
0.80449;-0.48894;34
0.86564;-0.38041;34
-0.20586;-0.9257;34
0.8414;-0.44208;34
0.85908;-0.41119;34
0.89328;-0.33175;34
-0.93687;0.21735;34
0.86605;-0.42417;34
0.9061;-0.33706;34
0.28;-0.92582;34
0.14387;-0.04466;35
0.16022;-0.16101;35
-0.13644;-0.20466;35
0.19094;-0.16929;35
0.16597;-0.22585;35
0.147;-0.25181;35
0.29333;-0.02736;35
-0.22617;0.19174;35
0.12999;-0.28401;35
0.14661;-0.30544;35
0.16652;0.30929;35
0.41137;0.19044;35
-0.17076;0.49783;35
-0.33992;0.40339;35
-0.08177;0.54982;35
0.33519;-0.45495;35
0.43904;0.37618;35
0.4749;0.4296;35
-0.04965;0.66603;35
-0.15617;-0.64824;35
-0.15957;-0.64827;35
-0.15644;-0.6498;35
-0.2023;-0.64119;35
-0.66074;0.17815;35
-0.56733;0.392;35
0.29002;0.63179;35
0.11506;0.69803;35
0.30901;0.65982;35
0.14627;0.73304;35
-0.17486;0.74596;35
-0.6898;-0.34983;35
0.30842;-0.72408;35
0.32639;-0.72303;35
-0.8036;-0.13916;35
-0.62764;0.53596;35
0.23145;0.80675;35
0.19832;0.82849;35
-0.7303;-0.44994;35
-0.8281;0.27126;35
0.4371;-0.76814;35
0.31037;0.82999;35
0.08813;-0.88091;35
0.37575;-0.82102;35
0.6696;-0.62934;35
0.83479;-0.4128;35
-0.93781;0.1621;35
-0.95448;-0.00294;35
0.88905;-0.35079;35
-0.96003;0.08608;35
-0.95357;0.14151;35
-0.16474;0.04762;36
-0.04811;-0.21692;36
-0.04887;-0.22194;36
0.22263;0.05613;36
0.14401;-0.43292;36
0.14971;-0.4315;36
0.15118;-0.43507;36
0.14487;-0.4378;36
0.15031;-0.43582;36
0.18823;0.44427;36
-0.26966;-0.40727;36
0.09942;-0.51987;36
-0.54549;-0.13292;36
-0.34467;0.45275;36
0.37519;-0.43487;36
-0.50395;-0.36747;36
-0.46816;0.41561;36
0.41391;-0.48909;36
-0.24359;-0.73195;36
-0.54345;0.56742;36
-0.42615;-0.69695;36
-0.46107;0.69334;36
-0.12738;-0.8221;36
0.40511;-0.73981;36
0.32637;-0.77975;36
-0.45224;-0.73447;36
-0.45646;-0.73799;36
-0.30572;0.81789;36
-0.46128;-0.743;36
-0.77957;0.46875;36
0.25611;0.8926;36
0.42389;-0.83341;36
0.87584;-0.36761;36
-0.0029;0.09553;37
-0.03852;-0.09734;37
-0.26867;0.15425;37
-0.20266;0.23464;37
-0.20776;0.25076;37
0.05014;0.32477;37
-0.02743;0.33688;37
0.01417;-0.34044;37
0.13694;0.35245;37
-0.19391;0.33292;37
-0.30504;0.26749;37
0.21148;0.35594;37
-0.39851;0.17326;37
-0.42914;-0.18938;37
-0.4284;-0.19124;37
-0.36051;0.32305;37
-0.41274;-0.28113;37
-0.03183;0.58785;37
-0.49764;0.34142;37
0.05943;0.74695;37
0.30539;-0.77855;37
0.56999;0.61547;37
0.3217;-0.78534;37
-0.37459;0.80003;37
0.51182;-0.74215;37
0.76847;-0.50558;37
0.77054;-0.51376;37
0.73801;-0.56494;37
-0.19308;0.91733;37
-0.46027;0.82272;37
0.66117;-0.67165;37
0.70583;-0.63141;37
0.82841;-0.47007;37
-0.93735;0.20501;37
-0.95616;0.08456;37
0.85067;-0.45599;37
-0.05472;-0.30929;38
0.39119;0.03867;38
0.2016;-0.36401;38
0.05628;-0.49021;38
-0.54744;0.01957;38
0.50646;-0.24818;38
0.48032;0.30628;38
0.53543;0.19667;38
-0.54772;0.23719;38
0.06012;0.62074;38
0.4965;-0.39412;38
-0.65871;0.0024;38
0.65636;-0.3283;38
0.47027;0.58587;38
-0.79757;-0.01421;38
-0.53808;0.59012;38
0.11143;0.7936;38
-0.79628;-0.20999;38
-0.02806;-0.84299;38
-0.50043;-0.70062;38
-0.27732;0.8252;38
0.38865;-0.78919;38
-0.92211;-0.14621;38
0.58569;-0.73178;38
-0.26919;-0.90038;38
-0.24409;0.91153;38
-0.45397;0.82871;38
-0.90149;0.28372;38
-0.90544;0.28139;38
-0.70646;0.63757;38
-0.90729;0.31338;38
-0.91692;0.2996;38
-0.06194;0.0204;39
-0.03713;0.07211;39
0.14318;0.14555;39
0.02574;0.25978;39
0.05665;0.25892;39
0.11371;0.26594;39
-0.3531;0.01954;39
0.06246;0.35669;39
-0.26327;0.28196;39
0.18121;0.37402;39
0.14988;0.3878;39
-0.42864;-0.01548;39
0.25329;0.36405;39
-0.03097;-0.46199;39
0.36945;0.36302;39
0.48232;-0.19257;39
0.2032;0.48428;39
0.22859;0.51219;39
-0.16748;0.55231;39
0.19887;0.55176;39
0.15828;0.60892;39
-0.35371;-0.53973;39
-0.64644;-0.16431;39
-0.11117;0.69896;39
0.05495;0.72194;39
0.16132;0.71333;39
0.35953;0.66481;39
-0.28041;-0.70715;39
-0.65202;0.39558;39
-0.32345;0.73322;39
0.65097;0.52677;39
0.83319;-0.10926;39
-0.33435;0.8008;39
0.57608;-0.65403;39
-0.85915;-0.28278;39
0.68014;-0.60906;39
0.27175;-0.87312;39
-0.43958;0.8038;39
0.27207;-0.874;39
-0.9114;-0.23604;39
0.14469;-0.06723;40
-0.0226;-0.21628;40
-0.02778;-0.23076;40
-0.1832;-0.18755;40
-0.26301;0.04633;40
0.36645;0.03907;40
-0.40859;0.24666;40
-0.15704;0.4549;40
0.48564;0.17626;40
0.48771;0.17935;40
0.03322;-0.5827;40
0.4934;-0.38681;40
-0.08392;-0.65429;40
0.24889;-0.63974;40
0.3411;0.66301;40
0.59628;0.53178;40
-0.39866;0.71592;40
0.82136;-0.22958;40
0.8227;-0.43925;40
-0.93902;0.11853;40
-0.86474;-0.39925;40
0.8956;-0.32975;40
-0.94594;0.13568;40
0.88664;-0.37429;40
0.87395;-0.40574;40
-0.95126;0.15734;40
-0.02671;0.04233;41
0.039;0.20639;41
0.20184;0.17007;41
-0.01896;0.28351;41
0.01485;0.31058;41
0.32281;0.06089;41
0.06435;0.37764;41
-0.25609;-0.331;41
-0.37727;0.22564;41
0.44019;-0.0238;41
-0.3727;-0.28726;41
-0.44933;0.16755;41
-0.02663;0.57089;41
0.5433;0.18229;41
-0.55635;-0.21518;41
0.33879;-0.5567;41
-0.59784;0.29389;41
0.63074;0.31311;41
-0.37344;0.6157;41
-0.22466;0.69655;41
-0.09177;0.7277;41
-0.55576;0.48117;41
-0.76267;-0.03627;41
0.77865;-0.12859;41
-0.68606;0.4815;41
-0.74358;-0.40008;41
0.44019;-0.73007;41
0.55311;-0.65038;41
0.70856;0.53996;41
0.48106;-0.77233;41
0.89398;-0.17591;41
-0.4641;0.79342;41
-0.81974;0.41783;41
0.49758;-0.7833;41
0.79796;-0.489;41
-0.34822;0.87388;41
-0.51361;0.79043;41
-0.3686;0.87489;41
-0.40459;0.01734;42
-0.54646;0.05269;42
-0.59302;0.16553;42
-0.62516;0.01326;42
-0.37543;0.50215;42
-0.6169;0.20438;42
-0.64882;-0.05724;42
-0.52285;0.46312;42
-0.70522;-0.19504;42
0.49318;0.62507;42
-0.71076;-0.39849;42
-0.72172;-0.42501;42
-0.84295;0.08866;42
-0.49178;0.77905;42
-0.90236;0.30579;42
-0.24422;-0.91973;42
0.91275;0.2869;42
0.8198;-0.51017;42
-0.08886;-0.03863;43
0.35357;-0.16629;43
0.0575;0.40313;43
0.07411;0.40427;43
0.41261;-0.02922;43
-0.25232;-0.36307;43
-0.41008;0.18306;43
0.00013;0.49425;43
0.07973;0.53887;43
0.44931;0.4023;43
-0.03399;0.61447;43
-0.52367;-0.33214;43
0.63377;0.11465;43
-0.24204;-0.66544;43
-0.24434;-0.6702;43
0.32073;-0.69241;43
-0.55016;0.5353;43
-0.1371;-0.7601;43
0.34508;-0.78147;43
-0.80192;0.33667;43
-0.72061;-0.48657;43
0.87399;0.0743;43
0.91203;0.01402;43
0.73936;-0.54269;43
-0.88889;-0.25837;43
0.88841;-0.30953;43
-0.05904;-0.05562;44
0.08401;0.17864;44
0.0834;0.17979;44
-0.2525;0.17798;44
-0.28997;0.11901;44
0.31311;-0.22122;44
-0.21925;-0.37641;44
-0.21123;-0.52132;44
0.08042;0.55888;44
0.35244;-0.47425;44
-0.58736;-0.08668;44
0.49274;0.33686;44
0.28648;-0.52597;44
0.59393;-0.31104;44
-0.4599;-0.51889;44
0.56848;-0.42864;44
-0.69655;-0.16442;44
-0.58904;-0.43781;44
-0.51298;0.54768;44
0.4872;0.58796;44
-0.32841;0.72388;44
0.6323;0.50114;44
-0.59897;0.57744;44
-0.61242;0.62001;44
-0.81909;0.32792;44
0.65433;-0.63447;44
0.2764;-0.87566;44
0.25807;0.88597;44
-0.92104;-0.05387;44
-0.49303;0.78129;44
0.89075;-0.36958;44
-0.06727;0.03056;44
-0.18759;-0.02215;44
0.20734;0.09495;44
-0.28567;0.0065;44
-0.25711;0.21478;44
-0.30011;-0.15682;44
-0.2767;0.19794;44
-0.22954;0.26099;44
-0.3328;0.15723;44
0.0293;0.38311;44
0.15873;0.41609;44
-0.34286;-0.28338;44
-0.19491;-0.43775;44
0.06835;-0.50142;44
0.02721;0.52427;44
-0.34759;0.42809;44
0.55701;-0.03146;44
0.07555;0.58147;44
-0.17673;0.59754;44
-0.15107;-0.66394;44
0.10269;-0.68107;44
0.54025;0.44557;44
-0.4739;0.53365;44
0.45322;0.61939;44
0.09401;-0.81451;44
0.62328;-0.54505;44
-0.57953;0.60304;44
0.32542;-0.78398;44
-0.7407;-0.44175;44
-0.62476;-0.62649;44
0.54429;-0.7311;44
-0.91285;0.0501;44
0.83136;-0.40899;44
0.82963;-0.42031;44
0.79939;-0.48544;44
-0.77124;-0.53901;44
0.82943;-0.45004;44
0.55017;-0.76691;44
-0.45462;0.84653;44
0.70576;-0.65114;44
-0.95734;-0.11136;44
0.03177;0.00306;45
0.05892;0.15951;45
0.03352;0.27364;45
-0.11355;-0.24968;45
-0.05298;-0.27445;45
-0.37007;0.06056;45
0.06749;-0.48345;45
0.41111;0.27453;45
0.39194;0.36921;45
-0.2108;-0.52658;45
-0.12023;0.59097;45
-0.26403;-0.59949;45
0.37822;0.54013;45
-0.59065;-0.29645;45
-0.58913;-0.35631;45
-0.66829;0.30383;45
0.44412;-0.59607;45
-0.75582;0.1413;45
0.4952;0.64237;45
-0.24242;0.81423;45
0.21944;0.82395;45
0.4722;-0.74847;45
-0.44474;0.77152;45
0.62471;-0.64961;45
0.88605;-0.17342;45
0.82473;-0.43262;45
-0.93378;-0.19681;45
-0.44162;-0.85585;45
-0.94805;-0.18865;45
-0.05604;0.07293;46
0.06624;-0.1071;46
0.08869;0.09183;46
0.09413;0.21156;46
-0.17901;-0.16342;46
-0.18294;0.18328;46
-0.15643;0.2238;46
0.01859;-0.28006;46
0.22235;-0.22696;46
0.31701;0.2563;46
-0.42302;0.05876;46
0.18752;0.42676;46
-0.26452;0.40546;46
0.47158;0.20072;46
-0.45359;0.24347;46
-0.23982;0.48854;46
-0.04233;-0.54296;46
-0.56568;0.04212;46
-0.07313;0.57577;46
-0.39555;-0.44184;46
-0.12427;-0.5883;46
0.3188;-0.51225;46
0.26484;0.56444;46
-0.23934;-0.59332;46
-0.27763;0.62355;46
0.64431;-0.23339;46
0.15628;-0.67868;46
-0.71567;-0.36715;46
0.60076;-0.63142;46
-0.22275;-0.844;46
-0.41298;0.78324;46
0.80917;0.36696;46
-0.72636;-0.51778;46
-0.84367;-0.30381;46
-0.33947;-0.83198;46
0.74634;-0.52961;46
-0.74893;-0.54356;46
0.92591;0.10807;46
-0.93297;0.05896;46
0.62263;0.69747;46
-0.31427;-0.89809;46
-0.95176;0.11892;46
-0.23067;-0.93329;46
0.7661;-0.58935;46
0.00296;0.05441;47
-0.17789;-0.18966;47
-0.30089;-0.19406;47
-0.0525;0.48569;47
0.04986;-0.5002;47
-0.41215;-0.30571;47
-0.27267;-0.45731;47
-0.14288;0.53272;47
-0.47137;-0.32803;47
-0.56363;-0.17571;47
-0.18911;-0.56177;47
0.60767;0.04345;47
0.3168;-0.53791;47
-0.62441;0.28824;47
-0.64434;0.27295;47
-0.31939;0.63598;47
0.66391;0.29474;47
-0.68932;0.28766;47
0.2693;0.70895;47
0.63492;-0.43895;47
-0.49386;0.60797;47
-0.54171;-0.56407;47
0.04516;0.8481;47
0.01607;-0.88254;47
-0.32466;-0.87198;47
0.79318;0.5008;47
0.23352;0.93858;47
-0.01599;0.11479;48
-0.00434;-0.1586;48
-0.02143;0.164;48
0.1235;-0.11077;48
-0.14413;-0.11447;48
0.18279;-0.10835;48
0.08683;0.28397;48
0.17271;0.28105;48
-0.44651;-0.14675;48
0.15266;0.48666;48
-0.02804;-0.53284;48
0.24388;0.51619;48
-0.60076;-0.018;48
-0.59499;-0.19153;48
0.05808;-0.62243;48
0.11842;-0.63489;48
-0.22738;0.6119;48
0.46312;0.53613;48
-0.50976;0.54561;48
-0.72532;0.19054;48
0.0178;0.75079;48
0.30042;0.71008;48
0.78612;0.24186;48
-0.21892;-0.79265;48
-0.73608;0.37544;48
-0.83197;0.11685;48
0.54444;-0.68471;48
-0.69045;0.55474;48
0.24508;-0.85467;48
0.88565;0.30832;48
0.6715;-0.65323;48
-0.79842;-0.53013;48
-0.95049;0.13038;48
-0.47525;0.83613;48
-0.20206;-0.93971;48
-0.0585;0.09318;49
-0.07274;0.09664;49
-0.02317;0.14323;49
-0.0277;0.14916;49
-0.11669;0.10527;49
0.0035;0.21039;49
-0.03084;0.237;49
-0.19154;-0.15561;49
0.05636;0.25769;49
-0.06458;0.26673;49
-0.27582;0.02256;49
0.07433;0.3327;49
0.35834;0.18318;49
0.09777;0.41758;49
0.41576;-0.11837;49
-0.22834;0.36828;49
0.1039;0.42223;49
-0.46123;-0.06519;49
-0.34748;0.37198;49
0.51849;0.03601;49
-0.27088;-0.46544;49
0.13463;0.53714;49
0.30764;-0.46508;49
0.53595;-0.24467;49
0.33562;0.498;49
0.59159;0.10859;49
0.58892;-0.23382;49
0.17241;0.64881;49
0.70158;-0.03591;49
-0.13148;0.7312;49
0.58924;-0.56442;49
-0.77198;-0.44442;49
-0.20347;-0.88332;49
0.46637;-0.78852;49
-0.48279;0.78488;49
-0.34494;-0.86673;49
-0.00459;-0.01604;50
-0.02511;0.04615;50
-0.21823;0.2178;50
-0.12746;0.28401;50
0.20331;0.31674;50
0.14266;-0.4173;50
-0.33593;-0.34036;50
0.45977;-0.15738;50
-0.36871;-0.33433;50
-0.47247;-0.18124;50
-0.19606;-0.47961;50
0.47256;-0.22107;50
0.19136;-0.52028;50
0.18953;-0.52305;50
0.18954;-0.52408;50
-0.00511;-0.57586;50
0.55216;-0.19157;50
-0.05301;-0.58314;50
0.60623;0.04759;50
-0.14387;0.65434;50
-0.31931;-0.59565;50
-0.30314;-0.62384;50
0.54707;0.4356;50
-0.66565;-0.29248;50
0.40981;-0.61853;50
-0.11173;0.74801;50
0.07465;0.76325;50
0.73083;0.3035;50
0.31448;-0.73432;50
0.5698;0.57996;50
0.22317;0.79551;50
0.66519;-0.53878;50
-0.41131;0.80475;50
-0.37211;0.83681;50
-0.41481;-0.82678;50
0.84719;-0.38742;50
-0.68387;0.64015;50
0.57418;0.75313;50
-0.51679;0.80816;50
-0.20149;-0.94382;50
-0.29332;0.00382;51
-0.12669;0.34043;51
0.13437;0.37299;51
-0.28566;0.29384;51
-0.27339;-0.35094;51
0.38758;-0.24155;51
-0.48307;0.02095;51
0.44846;-0.22386;51
0.13548;-0.50409;51
0.44988;-0.2748;51
-0.14417;-0.51846;51
-0.21735;-0.50862;51
0.17844;0.54624;51
0.09218;0.59224;51
-0.33054;0.5152;51
-0.39095;-0.47042;51
0.56543;-0.28029;51
0.60737;-0.29218;51
-0.18893;0.66442;51
0.63266;-0.30436;51
0.65957;0.32408;51
0.39583;0.62567;51
0.39696;0.62844;51
0.73857;-0.22031;51
0.4643;-0.62506;51
0.46818;-0.62282;51
-0.74541;0.36415;51
-0.3176;-0.82755;51
0.52184;0.72371;51
-0.24338;-0.86853;51
-0.66903;-0.66184;51
0.42529;-0.84712;51
-0.05835;0.00584;52
-0.07698;-0.01249;52
-0.08154;0.04717;52
-0.10276;0.00572;52
-0.07105;0.0793;52
-0.08033;0.08815;52
-0.03058;0.11819;52
-0.02599;0.12187;52
-0.09377;-0.08252;52
-0.12814;-0.08881;52
-0.04437;0.15578;52
-0.14732;-0.07988;52
-0.13749;-0.10711;52
-0.01412;0.18143;52
-0.04033;0.21125;52
0.07059;0.26879;52
-0.21464;0.2373;52
-0.08295;0.41391;52
0.10087;0.43326;52
0.41457;0.37039;52
0.38109;0.44394;52
0.25087;-0.53218;52
0.54397;-0.24371;52
0.60776;0.05657;52
-0.60499;0.17973;52
-0.33098;-0.54825;52
-0.15597;0.62972;52
0.30757;0.64254;52
-0.0121;0.73463;52
-0.13881;-0.75717;52
-0.26516;-0.72741;52
0.20358;-0.79119;52
-0.77625;-0.44808;52
-0.71273;-0.54738;52
-0.49855;0.76839;52
0.74948;0.56215;52
-0.86341;-0.38828;52
0.03017;0.03075;53
0.12572;0.05587;53
-0.13986;-0.09301;53
0.12254;-0.24562;53
-0.26225;0.19032;53
0.06323;0.4958;53
0.2052;0.48813;53
0.52651;-0.05378;53
0.38464;0.4883;53
-0.47898;-0.49244;53
0.13971;0.69045;53
-0.27049;-0.66089;53
-0.53354;0.51452;53
-0.7465;0.00387;53
-0.66199;0.36359;53
0.06693;0.78238;53
0.36762;0.722;53
0.40755;0.7018;53
0.8237;-0.16601;53
-0.67039;0.52972;53
0.82638;-0.28473;53
0.42954;-0.76113;53
-0.10768;0.8721;53
0.53637;0.71571;53
0.19314;0.91471;53
-0.23912;0.91186;53
0.93887;0.16036;53
0.01859;-0.13219;54
0.0449;0.41287;54
0.27102;0.33367;54
0.12147;-0.45753;54
-0.26801;0.3951;54
0.50808;-0.11065;54
-0.04963;-0.52297;54
0.19152;0.49902;54
0.10752;0.53712;54
-0.45329;0.33676;54
0.55643;-0.17908;54
-0.44883;-0.38297;54
-0.15882;-0.58497;54
-0.05271;-0.60794;54
-0.29045;-0.54838;54
0.07437;0.70982;54
0.02653;-0.71718;54
-0.29093;-0.68697;54
0.73807;-0.14198;54
-0.29274;-0.69311;54
-0.29937;-0.69281;54
0.62322;-0.4341;54
-0.7114;-0.28913;54
-0.36626;0.68033;54
-0.13726;-0.77239;54
0.78797;-0.24459;54
-0.83213;0.10522;54
-0.33635;0.83724;54
-0.86499;-0.32955;54
-0.86608;-0.33207;54
0.29586;-0.92217;54
-0.22683;0.18561;55
-0.28759;-0.05305;55
-0.1439;0.30848;55
-0.12892;0.34693;55
0.05162;-0.40034;55
0.33444;0.23574;55
-0.25554;0.3305;55
-0.3404;0.27772;55
-0.50589;0.2531;55
-0.54966;0.16378;55
0.64364;0.19349;55
0.64287;0.19838;55
0.36178;0.63688;55
-0.75619;-0.18058;55
0.60926;-0.50681;55
-0.22632;-0.78544;55
-0.22452;-0.78626;55
-0.22653;-0.78815;55
-0.78151;-0.34691;55
-0.08956;-0.88244;55
0.63675;-0.64682;55
-0.2408;0.92403;55
-0.5713;0.77546;55
-0.06408;-0.08329;56
-0.17881;0.03692;56
-0.15733;0.12918;56
-0.30776;-0.47093;56
0.06867;0.58192;56
-0.36694;-0.46044;56
-0.03436;-0.62653;56
-0.66101;0.10987;56
0.49901;-0.46453;56
0.51227;-0.46277;56
0.50934;-0.49108;56
0.49738;-0.51819;56
0.56571;-0.46922;56
0.52811;-0.5162;56
-0.69237;0.32567;56
-0.48071;-0.59943;56
0.45993;-0.61982;56
-0.63528;-0.45364;56
-0.58237;-0.52103;56
0.54183;-0.63446;56
-0.32504;-0.82204;56
0.44808;-0.80199;56
-0.75872;-0.57648;56
0.25007;-0.91976;56
0.08597;0.05318;57
-0.07377;-0.20977;57
0.17273;0.18774;57
-0.29035;0.31348;57
-0.06151;-0.52002;57
-0.5697;-0.02877;57
0.33293;0.46978;57
0.3687;0.51775;57
0.5913;0.28893;57
-0.27775;-0.62842;57
0.70404;0.10089;57
0.76527;0.17038;57
-0.07202;-0.79821;57
-0.44445;0.67363;57
0.60374;0.53976;57
0.78881;0.22637;57
-0.81558;0.11251;57
-0.0786;-0.85908;57
0.17696;-0.87371;57
0.37608;0.8132;57
-0.80784;0.43821;57
0.18088;-0.90817;57
0.18384;-0.90737;57
-0.84746;0.39022;57
0.59563;-0.73204;57
-0.36211;-0.87409;57
0.09336;0.22838;58
0.04336;0.25108;58
0.24384;-0.10739;58
0.2684;-0.00483;58
0.2705;0.00145;58
0.2709;-0.00567;58
0.27291;-0.00016;58
-0.337;-0.07796;58
-0.23168;0.31029;58
0.34891;-0.18094;58
-0.44791;0.14405;58
-0.21543;-0.48547;58
0.58856;-0.09276;58
0.40941;-0.43469;58
0.69431;0.0813;58
0.63;-0.39666;58
0.57824;0.50411;58
0.74913;-0.34628;58
0.80273;0.26448;58
0.26669;-0.80348;58
0.46658;-0.71193;58
-0.11701;-0.85228;58
0.87038;-0.20033;58
-0.39461;-0.80118;58
0.3621;0.82913;58
-0.24826;-0.91466;58
-0.24495;-0.91584;58
0.88808;-0.35949;58
-0.80249;0.53434;58
0.28426;-0.11135;59
0.04601;0.42502;59
0.05365;0.4253;59
0.44549;0.02891;59
0.51666;0.15083;59
0.59691;-0.08658;59
-0.40148;-0.48749;59
-0.02991;-0.69233;59
-0.47392;-0.50817;59
-0.47504;-0.50811;59
-0.47239;-0.51074;59
-0.53839;-0.48059;59
0.65171;-0.33734;59
0.7395;0.15309;59
-0.06426;-0.78282;59
-0.13361;-0.7995;59
-0.43448;0.68979;59
-0.1907;-0.80223;59
0.85091;-0.25528;59
0.01944;-0.89522;59
0.1867;-0.88281;59
0.18354;-0.88535;59
0.91893;-0.2427;59
0.90889;-0.28789;59
-0.09537;-0.17998;60
0.30696;-0.12114;60
0.08328;0.33181;60
-0.1691;-0.36468;60
0.25864;-0.43747;60
-0.56943;-0.16153;60
-0.27419;-0.54442;60
0.31288;0.53099;60
-0.66309;-0.07495;60
-0.09484;-0.81029;60
-0.51295;0.7466;60
0.19037;0.12538;61
0.16054;0.34461;61
-0.00478;0.41983;61
0.42837;-0.0185;61
0.00509;-0.43086;61
0.53335;-0.1898;61
0.31362;0.47859;61
0.1689;-0.55596;61
0.31179;0.52296;61
0.59547;-0.22934;61
0.60116;-0.22132;61
0.55994;-0.3705;61
-0.81558;-0.05895;61
0.11245;-0.83476;61
0.31167;0.79844;61
-0.06299;-0.87691;61
-0.1003;-0.89865;61
-0.20181;-0.88448;61
0.8837;-0.27419;61
-0.88671;-0.30668;61
0.50154;0.79981;61
-0.33981;-0.88133;61
